{"cameraMode":{"drawMode":0,"name":"Shaded","section":"Shading Mode"},"sceneLighting":false,"audioPlay":false,"sceneViewState":{"m_AlwaysRefresh":false,"showFog":true,"showSkybox":false,"showFlares":true,"showImageEffects":true,"showParticleSystems":true,"showVisualEffectGraphs":true,"m_FxEnabled":true},"in2DMode":false,"pivot":{"x":13.41482162475586,"y":1.0213425159454346,"z":7.937338352203369},"rotation":{"x":0.048812296241521838,"y":0.8119704127311707,"z":-0.06861971318721771,"w":0.5775933265686035},"size":2.3714792728424074,"orthographic":false}